loan_id,gender,marital_status,dependents,qualification,is_self_employed,applicant_income,co_applicant_income,loan_amount,loan_amount_term,credit_history,property_area
1,M,No,0,Graduate,No,5849,0,,360,1,Urban
2,M,Yes,1,Graduate,No,4583,1508,128,360,1,Rural
3,M,Yes,0,Graduate,Yes,3000,0,66,360,1,Urban
4,M,Yes,0,Not Graduate,No,2583,2358,120,360,1,Urban
5,M,No,0,Graduate,No,6000,0,141,360,1,Urban
6,M,Yes,2,Graduate,Yes,5417,4196,267,360,1,Urban
7,M,Yes,0,Not Graduate,No,2333,1516,95,360,1,Urban
8,M,Yes,3+,Graduate,No,3036,2504,158,360,0,Semiurban
9,M,Yes,2,Graduate,No,4006,1526,168,360,1,Urban
10,M,Yes,1,Graduate,No,12841,10968,349,360,1,Semiurban
11,M,Yes,2,Graduate,No,3200,700,70,360,1,Urban
12,M,Yes,2,Graduate,,2500,1840,109,360,1,Urban
13,M,Yes,2,Graduate,No,3073,8106,200,360,1,Urban
14,M,No,0,Graduate,No,1853,2840,114,360,1,Rural
15,M,Yes,2,Graduate,No,1299,1086,17,120,1,Urban
16,M,No,0,Graduate,No,4950,0,125,360,1,Urban
17,M,No,1,Not Graduate,No,3596,0,100,240,,Urban
18,F,No,0,Graduate,No,3510,0,76,360,0,Urban
19,M,Yes,0,Not Graduate,No,4887,0,133,360,1,Rural
20,M,Yes,0,Graduate,,2600,3500,115,,1,Urban
21,M,Yes,0,Not Graduate,No,7660,0,104,360,0,Urban
22,M,Yes,1,Graduate,No,5955,5625,315,360,1,Urban
23,M,Yes,0,Not Graduate,No,2600,1911,116,360,0,Semiurban
24,,Yes,2,Not Graduate,No,3365,1917,112,360,0,Rural
25,M,Yes,1,Graduate,,3717,2925,151,360,,Semiurban
26,M,Yes,0,Graduate,Yes,9560,0,191,360,1,Semiurban
27,M,Yes,0,Graduate,No,2799,2253,122,360,1,Semiurban
28,M,Yes,2,Not Graduate,No,4226,1040,110,360,1,Urban
29,M,No,0,Not Graduate,No,1442,0,35,360,1,Urban
30,F,No,2,Graduate,,3750,2083,120,360,1,Semiurban
31,M,Yes,1,Graduate,,4166,3369,201,360,,Urban
32,M,No,0,Graduate,No,3167,0,74,360,1,Urban
33,M,No,1,Graduate,Yes,4692,0,106,360,1,Rural
34,M,Yes,0,Graduate,No,3500,1667,114,360,1,Semiurban
35,M,No,3+,Graduate,No,12500,3000,320,360,1,Rural
36,M,Yes,0,Graduate,No,2275,2067,,360,1,Urban
37,M,Yes,0,Graduate,No,1828,1330,100,,0,Urban
38,F,Yes,0,Graduate,No,3667,1459,144,360,1,Semiurban
39,M,No,0,Graduate,No,4166,7210,184,360,1,Urban
40,M,No,0,Not Graduate,No,3748,1668,110,360,1,Semiurban
41,M,No,0,Graduate,No,3600,0,80,360,1,Urban
42,M,No,0,Graduate,No,1800,1213,47,360,1,Urban
43,M,Yes,0,Graduate,No,2400,0,75,360,,Urban
44,M,Yes,0,Graduate,No,3941,2336,134,360,1,Semiurban
45,M,Yes,0,Not Graduate,Yes,4695,0,96,,1,Urban
46,F,No,0,Graduate,No,3410,0,88,,1,Urban
47,M,Yes,1,Graduate,No,5649,0,44,360,1,Urban
48,M,Yes,0,Graduate,No,5821,0,144,360,1,Urban
49,F,Yes,0,Graduate,No,2645,3440,120,360,0,Urban
50,F,No,0,Graduate,No,4000,2275,144,360,1,Semiurban
51,F,Yes,0,Not Graduate,No,1928,1644,100,360,1,Semiurban
52,F,No,0,Graduate,No,3086,0,120,360,1,Semiurban
53,F,No,0,Graduate,No,4230,0,112,360,1,Semiurban
54,M,Yes,2,Graduate,No,4616,0,134,360,1,Urban
55,F,Yes,1,Graduate,Yes,11500,0,286,360,0,Urban
56,M,Yes,2,Graduate,No,2708,1167,97,360,1,Semiurban
57,M,Yes,0,Graduate,No,2132,1591,96,360,1,Semiurban
58,M,Yes,0,Graduate,No,3366,2200,135,360,1,Rural
59,M,Yes,1,Graduate,No,8080,2250,180,360,1,Urban
60,M,Yes,2,Not Graduate,No,3357,2859,144,360,1,Urban
61,M,Yes,0,Graduate,No,2500,3796,120,360,1,Urban
62,M,Yes,3+,Graduate,No,3029,0,99,360,1,Urban
63,M,Yes,0,Not Graduate,Yes,2609,3449,165,180,0,Rural
64,M,Yes,1,Graduate,No,4945,0,,360,0,Rural
65,F,No,0,Graduate,No,4166,0,116,360,0,Semiurban
66,M,Yes,0,Graduate,No,5726,4595,258,360,1,Semiurban
67,M,No,0,Not Graduate,No,3200,2254,126,180,0,Urban
68,M,Yes,1,Graduate,No,10750,0,312,360,1,Urban
69,M,Yes,3+,Not Graduate,Yes,7100,0,125,60,1,Urban
70,F,No,0,Graduate,No,4300,0,136,360,0,Semiurban
71,M,Yes,0,Graduate,No,3208,3066,172,360,1,Urban
72,M,Yes,2,Not Graduate,Yes,1875,1875,97,360,1,Semiurban
73,M,No,0,Graduate,No,3500,0,81,300,1,Semiurban
74,M,Yes,3+,Not Graduate,No,4755,0,95,,0,Semiurban
75,M,Yes,3+,Graduate,Yes,5266,1774,187,360,1,Semiurban
76,M,No,0,Graduate,No,3750,0,113,480,1,Urban
77,M,No,0,Graduate,No,3750,4750,176,360,1,Urban
78,M,Yes,1,Graduate,Yes,1000,3022,110,360,1,Urban
79,M,Yes,3+,Graduate,No,3167,4000,180,300,0,Semiurban
80,M,Yes,3+,Not Graduate,Yes,3333,2166,130,360,,Semiurban
81,F,No,0,Graduate,No,3846,0,111,360,1,Semiurban
82,M,Yes,1,Graduate,Yes,2395,0,,360,1,Semiurban
83,F,Yes,2,Graduate,No,1378,1881,167,360,1,Urban
84,M,Yes,0,Graduate,No,6000,2250,265,360,,Semiurban
85,M,Yes,1,Graduate,No,3988,0,50,240,1,Urban
86,M,No,0,Graduate,No,2366,2531,136,360,1,Semiurban
87,M,Yes,2,Not Graduate,No,3333,2000,99,360,,Semiurban
88,M,Yes,0,Graduate,No,2500,2118,104,360,1,Semiurban
89,M,No,0,Graduate,No,8566,0,210,360,1,Urban
90,M,Yes,0,Graduate,No,5695,4167,175,360,1,Semiurban
91,M,Yes,0,Graduate,No,2958,2900,131,360,1,Semiurban
92,M,Yes,2,Graduate,No,6250,5654,188,180,1,Semiurban
93,M,Yes,2,Not Graduate,No,3273,1820,81,360,1,Urban
94,M,No,0,Graduate,No,4133,0,122,360,1,Semiurban
95,M,No,0,Not Graduate,No,3620,0,25,120,1,Semiurban
96,M,No,0,Graduate,,6782,0,,360,,Urban
97,F,Yes,0,Graduate,No,2484,2302,137,360,1,Semiurban
98,M,Yes,0,Graduate,No,1977,997,50,360,1,Semiurban
99,M,Yes,0,Not Graduate,No,4188,0,115,180,1,Semiurban
100,M,Yes,0,Graduate,No,1759,3541,131,360,1,Semiurban
